insert into users (id, name, email, student_no, email_verified_at, password, remember_token, created_at, updated_at)
values  (1, 'Registrar', 'registrar@evote.com', 1, null, '$2y$10$ExrIp6NGsVvAQIWjMFAG/eEccLr2.Ew8TbzwBNja85ys/3U1p8aB6', null, '2023-04-05 18:24:53', '2023-04-05 18:24:53');

insert into colleges (id, name, shortcut)
values  (1, 'College of Agricultural and Environmental Sciences', 'CAES'),
        (2, 'College of Business and Management Sciences', 'CoBAMS'),
        (3, 'College of Computing and Information Sciences', 'CoCIS'),
        (4, 'College of Education and External Studies', 'CEES'),
        (5, 'College of Engineering, Design, Art and Technology', 'CEDAT'),
        (6, 'College of Health Sciences', 'CHS'),
        (7, 'College of Humanities and Social Sciences', 'CHUSS'),
        (8, 'College of Natural Sciences', 'CoNAS'),
        (9, 'College of Veterinary Medicine, Animal Resources and Biosecurity', 'CoVAB'),
        (10, 'The School Of Law', 'SLAW');

insert into halls (id, name, gender)
values  (1, 'Africa Hall', 'female'),
        (2, 'Complex Hall', 'female'),
        (3, 'Mary Stuart Hall', 'female'),
        (4, 'Livingstone Hall', 'male'),
        (5, 'Lumumba Hall', 'male'),
        (6, 'Nkurumah Hall', 'male'),
        (7, 'Nsibirwa Hall', 'male'),
        (8, 'Mitchell Hall', 'male'),
        (9, 'University Hall', 'male'),
        (10, 'Galloway Hall', 'male'),
        (11, 'Jinja Hall', 'male');

insert into schools (id, name, shortcut, college)
values  (1, 'School of Agricultural Sciences', 'SAS', 1),
        (2, 'School of Forestry, Environmental and Geographical Sciences', 'SFEGS', 1),
        (3, 'School of Food Technology, Nutrition and Bio-engineering', 'SFTNB', 1),
        (4, 'School of Economics', 'SOE', 2),
        (5, 'School of Business', 'SOB', 2),
        (6, 'School of Statistics and Planning', 'SSP', 2),
        (7, 'School of Computing and Informatics Technology', 'SCIT', 3),
        (8, 'East African School of Library and Information Science', 'EASLIS', 3),
        (9, 'School of Education', 'SEDU', 4),
        (10, 'School of Distance and Lifelong Learning', 'SODLL', 4),
        (11, 'East African School of Higher Education Studies and Development', 'EASHESD', 4),
        (12, 'School of Engineering', 'SENG', 5),
        (13, 'School of Built Environment', 'SBE', 5),
        (14, 'Margaret Trowell School of Industrial and Fine Art', 'MTISFA', 5),
        (15, 'School of Medicine', 'SM', 6),
        (16, 'School of Public Health', 'SPH', 6),
        (17, 'School of Biomedical Sciences', 'SBMS', 6),
        (18, 'School of Health Sciences', 'SHS', 6),
        (19, 'School of Liberal and Performing Arts', 'SLPA', 7),
        (20, 'School of Women and Gender Studies', 'SWGS', 7),
        (21, 'School of Languages, Literature and Communication', 'SLLC', 7),
        (22, 'School of Psychology', 'SP', 7),
        (23, 'School of Social Sciences', 'SSS', 7),
        (24, 'Makerere Institute of Social Research', 'MISR', 7),
        (25, 'School of Physical Sciences', 'SPS', 8),
        (26, 'School of Biosciences', 'SBS', 8),
        (27, 'School of Bio-security, Biotechnical and Laboratory Sciences', 'SBBLS', 9),
        (28, 'School of Veterinary and Animal Resources', 'SVMAR', 9),
        (29, 'School of Law', 'SOL', 10),
        (30, 'School of Dentistry', 'SOD', 6);

insert into students (id, student_no, name, school, college, hall)
values  (1, 2100712013, 'AKANKUNDA  SABIITI VICTOR', 5, 2, 9),
        (2, 2100716852, 'BIGIRWA  JULIUS MAXWELL', 9, 4, 5),
        (3, 2000709857, 'MASERUKA  ROBERT', 21, 7, 6),
        (4, 2100721268, 'MUFtJNGI  EVANS', 4, 2, 6),
        (5, 1900700285, 'N.AMWOZA SU LAIMAN', 15, 6, 5),
        (6, 2000714857, 'NA STABI MARGARE2', 1, 1, 2),
        (7, 2100715392, 'NKOYOOYO  BARAIi', 9, 4, 5),
        (8, 2000709874, 'OREMO HILLARY  OD \\V EE', 21, 7, 7),
        (9, 2100714425, 'SSEBUNY A MARK', 10, 4, 4),
        (10, 2100715238, 'SSEMAIIULA  ANDREW LUBINGA', 21, 7, 7),
        (11, 2100715999, 'V''ANYAMA  ENfMANLJ E L', 23, 7, 6),
        (12, 2100717567, 'TUM WEBAZE  PAUL', 1, 1, 6),
        (13, 2100701077, 'AI.OBO SIIALOM', 2, 1, 1),
        (14, 2000709271, 'SSEIIIK AJ.IA SIMON JACOB', 2, 1, 4),
        (15, 2000716033, 'I4ABUGO  ABUDRAIIMAN', 13, 5, 4),
        (16, 2000701293, 'IAGA AMOS', 12, 5, 6),
        (17, 2100700834, '2MOROT  RODGERS', 9, 4, 6),
        (18, 2100717608, 'NAMO?vIA  PETER', 9, 4, 9),
        (19, 2100718981, 'SSEBINA SOLOMON', 9, 4, 9),
        (20, 2000700790, 'MBUGA  IVAN JOSEPT I', 15, 6, 9),
        (21, 1900700282, 'NATSELI  GODFREY', 15, 6, 8),
        (22, 2100716308, 'NASSINAGRACE', 21, 7, 1),
        (23, 2100717861, 'ABIINE  RONA LD', 23, 7, 5),
        (24, 2100704659, 'SSEIIIDDE  ANDREW', 4, 2, 5),
        (25, 2100706655, 'TURYATEMBA  ELIVIS', 6, 2, 5),
        (26, 2100718184, 'TFNYTVASOSAN', 8, 3, 8),
        (27, 2000707791, 'OJUNE EMMANUEL', 7, 3, 4),
        (28, 2100719457, 'IILAMA  OTTO THOMAS', 26, 8, 5),
        (29, 2100700951, 'SSFNKIND11 ERtC KATEYANIRA', 26, 8, 5),
        (30, 2000700247, 'SSEF OGA FRED', 25, 8, 4),
        (31, 2100711839, 'K ISUULE RODNEY', 27, 9, 5),
        (32, 2100706386, 'ATUKUNDA  DORAH', 28, 9, 8),
        (33, 2100719168, 'JOI INMA RY IN.AYIIRA', 29, 10, 8),
        (34, 2100701233, 'TENDO ETIJAN ISAAC HA \\VEESI', 29, 10, 8),
        (35, 2100708167, 'HIS UULE ISM AEL', 1, 1, 9),
        (36, 2100701043, 'J3WAMB ALE LOVIC', 2, 1, 5),
        (37, 2000715010, 'MAYEND E EDRINE  MARK  \\VANJE', 3, 1, 7),
        (38, 2100700697, 'NABIJU64A  ANNET MARIA', 3, 1, 3),
        (39, 2000715616, 'NALUGO  JANE DOROTIJY', 13, 5, 3),
        (40, 2000700578, 'OYEET ERIDADI', 13, 5, 6),
        (41, 2100700591, 'AISI\\4PA MARTIN', 12, 5, 8),
        (42, 2100701764, '4ASSWA  BRIAN', 12, 5, 4),
        (43, 2100713590, 'SSAMULA  ALLAY', 10, 4, 9),
        (44, 2100700513, 'KIYINI  tRECIOUS 1', 9, 4, 1),
        (45, 2100701059, 'NAMIIRO SHAMIM', 9, 4, 2),
        (46, 2000700846, 'SIMINYU  ESTHER', 15, 6, 1),
        (47, 2000700814, 'SSEN VUMA SIMON  HAM', 15, 6, 6),
        (48, 2100718743, 'ANITA NAMP FERA BUKIR\\\\''A', 16, 6, 3),
        (49, 2100716621, 'KISA JEREMIAII K EITI1', 16, 6, 5),
        (50, 2100701472, 'PIMER MERCY', 16, 6, 2),
        (51, 2100719041, 'BRJAN I4AYONGO', 21, 7, 9),
        (52, 2100718677, 'ADANJA  JA CKLTNF,', 23, 7, 2),
        (53, 2100703907, 'IIIBUBULI FAIZAL', 23, 7, 5),
        (54, 2100705879, 'AINEBYOONA  CONRAD', 5, 2, 9),
        (55, 2100706159, 'ETAYU  DENIS', 5, 2, 7),
        (56, 2100707729, 'KIZITO HARRIS BULWADDA', 5, 2, 5),
        (57, 2100722435, 'ANDRUDA  PETER JEREMY', 4, 2, 8),
        (58, 2100700329, 'LUB WAMA  PRICILLA', 4, 2, 3),
        (59, 2100713780, 'NAIAYII1I CHRISTINA,', 4, 2, 1),
        (60, 2100701496, 'NAMANYA  JOEL', 4, 2, 8),
        (61, 2100701704, 'AGABA GERALD', 6, 2, 4),
        (62, 2100708578, 'AYEBARE JOAN', 6, 2, 2),
        (63, 2100703979, 'N AIIABW2PRILLIANT', 6, 2, 1),
        (64, 2100719303, 'BABIRYE   RESTY      ', 8, 3, 1),
        (65, 2100717547, 'IAJJUMBA PATRICIA', 8, 3, 4),
        (66, 2100716607, 'NABUIENYA  JA\\VUI-IARAH', 8, 3, 3),
        (67, 2100717988, 'NANGENDO SHADIA', 8, 3, 3),
        (68, 2100717297, 'WAMALA  MICHA EI. KABUKtJTU', 8, 3, 7),
        (69, 2100713796, 'TEBA.IJANGACOHEh  ANDREW', 8, 3, 6),
        (70, 2000702083, 'IIRAB O ISAAC BUYONDO', 7, 3, 4),
        (71, 2100700567, 'M W EGYiSA SAUL', 7, 3, 7),
        (72, 2100704010, 'NANS AMBA IULUSUMU', 7, 3, 3),
        (73, 2000707781, 'RUJUMBA  LEONARD', 7, 3, 7),
        (74, 2100701003, 'MWIDU  SAMS2N             ', 26, 8, 7),
        (75, 2100700684, 'AGUM  EDIviOND AKAK1', 25, 8, 4),
        (76, 2100700809, 'NSHJZIRUNGU  ALFORC E', 25, 8, 6),
        (77, 2100708460, 'ATURINDAJENNIPHER', 27, 9, 2),
        (78, 2100706640, 'I4IYINGI ELIJAI I MAGATTO', 28, 9, 4),
        (79, 2000701684, 'MUHUM UZA ELISHA', 28, 9, 9),
        (80, 2100701314, 'ODOI EDRINE PAUL', 28, 9, 6),
        (81, 2100719255, 'ISABEL ATAI NICOLE', 29, 10, 2),
        (82, 2100719152, 'JACKLIlNE  TUMUS IIlvIE', 29, 10, 3),
        (83, 2100704156, 'JCASADHAMASEDTIEREIAN', 29, 10, 6),
        (84, 2100719426, 'NAIIIGOZI  RUTH KAREN', 29, 10, 2),
        (85, 2100704169, 'OMONUK  ELISIIA', 29, 10, 5),
        (86, 2100710499, 'MUII\\\\''AYA  MtJlJAMMADI', 1, 1, 9),
        (87, 2100704396, 'AYES IGAMUIA4A  ALAN', 14, 5, 9),
        (88, 2100717708, 'NAIIABUGO  QUEEN TRACY', 14, 5, 2),
        (89, 2100700474, 'SSFKIDDE  MUSA', 14, 5, 4),
        (90, 2100709481, 'TUSIIME LAURA', 14, 5, 2),
        (91, 2100701100, 'ATUSIlMIR\\VEROLYNE', 13, 5, 3),
        (92, 2000709042, 'IINTU  ARNOLD  ARTHUR', 13, 5, 8),
        (93, 2000700624, 'NYANGOMA  EMMAHEART', 13, 5, 1),
        (94, 2100706594, 'SSENTEZAEDWARD', 13, 5, 8),
        (95, 2100700966, 'ANTANGAfZE  BLESSED   BAGUMA', 12, 5, 7),
        (96, 2000700583, 'ItAMPORORO  ABRAHAM', 12, 5, 4),
        (97, 2100714114, 'KATONGOLE  HARUNA', 10, 4, 5),
        (98, 2100704751, 'KOMUI IEN DO AhITAH PRECIOUS', 10, 4, 1),
        (99, 2100708080, 'IYAZWE ISAAC', 10, 4, 5),
        (100, 2100721491, 'NAMB ASA JEMIMAH', 10, 4, 2),
        (101, 2100714368, 'AURALESSIOUS', 9, 4, 2),
        (102, 2100717595, 'KAYESU PENINA}]', 9, 4, 3),
        (103, 2100715951, 'ItIDDEELMER DONALD', 9, 4, 9),
        (104, 2100721062, '14IRABO 1IA WA', 9, 4, 3),
        (105, 2100716963, 'IIKEEYA LAWRENCE', 9, 4, 4),
        (106, 2100701000, 'IiUItI4IRIZASANDRA ANNA', 9, 4, 3),
        (107, 2100717717, 'NAVUGARACHEAL  MIREMBE', 9, 4, 2),
        (108, 2100722261, 'SSEI4INTU TELSON', 9, 4, 5),
        (109, 2100701398, 'TWIJUKYEBALAM', 9, 4, 6),
        (110, 2000723336, 'MAGABA JESS Y JOI IN', 17, 6, 9),
        (111, 2100710947, 'NAMBAZIIRA  PATIENCE', 17, 6, 3),
        (112, 1900721101, 'ALINYO SARAH', 30, 6, 2),
        (113, 1900720839, 'MOSES JOIN ItUOL ALUONG', 30, 6, 4),
        (114, 2000700722, 'MUTI\\YEZI JOHN VIANNEY', 18, 6, 4),
        (115, 2000700737, 'NALUBEGASARAIJOSELYN', 18, 6, 3),
        (116, 2000700829, 'AtlONESA  DORCAS  \\V.nMIMBI', 15, 6, 1),
        (117, 1900700296, 'MATOVU ISMAEL', 15, 6, 7),
        (118, 2100701621, 'TUYISENGE  KEEP ETH', 15, 6, 8),
        (119, 2100704841, 'NALUBEGAANT(4NIARITAH', 16, 6, 2),
        (120, 2100716616, 'N ANTONGOJENNIFER', 16, 6, 2),
        (121, 2100703882, 'DRE.AMER  ELIZABETH', 21, 7, 1),
        (122, 2100710261, 'MERCY  KVOMUH   N DO GRACli', 21, 7, 3),
        (123, 2000722779, 'MUGABI IIEVIN', 21, 7, 7),
        (124, 2100718053, 'I4IRANDA SHARIF A', 23, 7, 2),
        (125, 2100715431, 'MUTAMBI  BESTON', 23, 7, 4),
        (126, 2100704038, 'OIIROR JOEL', 23, 7, 9),
        (127, 2100717533, 'OPINDERAPATIENCE', 23, 7, 3),
        (128, 2100717816, 'ORISHABA  RITAHFRANCES', 23, 7, 1),
        (129, 2000702149, 'TIAJUA  TRACY  AZA', 23, 7, 1),
        (130, 2100701125, 'ABENAITWERENAI1', 5, 2, 2),
        (131, 2100700255, 'ItIGENYI DUNCAN', 5, 2, 7),
        (132, 2100707487, 'NAIIWERA  GILLIAN  SARAI', 5, 2, 3),
        (133, 2100706932, 'OSINDF ERINES I  ERICIt', 5, 2, 4),
        (134, 2100701546, 'AMANYA  LIONEL NDYARE2BA', 4, 2, 6),
        (135, 2100709092, 'KAXIBABAZI  JUDITI1', 4, 2, 2),
        (136, 2100705803, 'KATUNGYE  CLEMENT              ', 4, 2, 7),
        (137, 2100715968, 'N.ALWANGAEMIRTNAH', 4, 2, 3),
        (138, 2100700587, 'RUGABA  FRANCIS', 4, 2, 7),
        (139, 2100701400, 'TABUSAFAITH', 4, 2, 2),
        (140, 2100709103, 'IANYES IGVE JULIAN', 6, 2, 1),
        (141, 2100701292, 'NATAMBA  4''ISDOM', 6, 2, 4),
        (142, 2100712682, 'ALABYEI4KUBOSSIJUBIBRIAN', 7, 3, 7),
        (143, 2100701225, 'GIVEN  RATIB', 7, 3, 8),
        (144, 2100708572, 'MUTESIJOAN', 7, 3, 2),
        (145, 2100701614, 'NAMMIIRO ZAR IARAH  BIDIN', 7, 3, 1),
        (146, 2000723105, 'NIYONGAB O OLGA QUEENTtlIA', 7, 3, 3),
        (147, 2100706663, 'KICONCOELIZABET11', 26, 8, 1),
        (148, 2100700352, 'MUTESIIRENE', 26, 8, 1),
        (149, 2100709523, 'MBABAZI  LFAIIEY', 25, 8, 6),
        (150, 2100700364, 'NALIIIRO  MARIAT', 25, 8, 3),
        (151, 2000700561, 'NAMITALA  THERfiSA  NATONDA', 25, 8, 1),
        (152, 2100710143, 'AMAROMARY SALOME', 27, 9, 1),
        (153, 2100706126, 'ARINDA DEAN', 27, 9, 4),
        (154, 2100722152, 'MUSINCIL''ZIJOIINFRANCIS', 27, 9, 7),
        (155, 2000701685, 'AIIAMPULIRA  TALENT', 28, 9, 8),
        (156, 2100700852, 'BAPIRYE JOVIANAII  PATRICIA', 28, 9, 3),
        (157, 2000721264, 'AMUTUIIAIRE  MARY RINNAII', 29, 10, 3),
        (158, 2100719400, 'ANGELO ASINGUZA', 29, 10, 8),
        (159, 2100722210, 'GINYERA  GEORGE OROCIJI', 29, 10, 9),
        (160, 2000708523, 'OItOTI I KENNETH', 29, 10, 4),
        (161, 1900718858, 'APIO IIEADRID GE', 15, 6, 10),
        (162, 1900700806, 'BABINGA GOZAN IVIESON', 15, 6, 10),
        (163, 2000700843, 'KASEKENDE  FULUGENSIO', 15, 6, 4),
        (164, 2100701288, 'MURUNGI JOSEPH', 15, 6, 4),
        (165, 2100700028, 'KIMERA SIIAFII', 23, 7, 4),
        (166, 2000700525, 'BYARUGABA  ROGERS', 28, 9, 4),
        (167, 2000700589, 'NABIRYE JOSELINE', 13, 5, 3),
        (168, 2100722387, 'NIWAKORA SYLI V IA', 9, 4, 3),
        (169, 2100700003, 'TYOBO HARRf ET YAKE', 17, 6, 3),
        (170, 2000707949, 'MASII4A  V ANESSA', 15, 6, 3),
        (171, 2000700515, 'NA KAJJUB1 MARY GLORIA', 28, 9, 3),
        (172, 2100718672, 'OTULE ISAAC', 9, 4, 8),
        (173, 2000700842, 'SSE!\\WANDAISAAG', 15, 6, 8),
        (174, 2100700327, 'ADRONI  RODNEY', 13, 5, 6),
        (175, 2000700788, 'AEUMAI SIMON PETER', 12, 5, 6),
        (176, 1900700326, 'AGABA  MORRIS', 15, 6, 6),
        (177, 1900700298, 'L\\VESABULAALEX', 15, 6, 6),
        (178, 2000705034, 'KATO JORAM', 29, 10, 6),
        (179, 2100719272, 'PAUL MUGUMYE', 29, 10, 6),
        (180, 2000700257, 'OPIO DANIEL', 2, 1, 7),
        (181, 1900700805, 'BANYA  ABASI', 15, 6, 7),
        (182, 2100705446, 'MWEBAZE  BRUCE', 25, 8, 7),
        (183, 2000700825, 'ItAGUMA   REDRICK', 15, 6, 9),
        (184, 2100712953, 'Mt I I I WKZ   41MOTIIY  MONDAY', 7, 3, 9),
        (185, 2100701450, 'ELATU  DANIEL', 9, 4, 5),
        (186, 2000700238, 'SSEK ITTO ALEX', 18, 6, 4),
        (187, 2100700029, 'ASIIMWE MERAB', 23, 7, 3),
        (188, 2100700021, 'NAME ASE RINAII MARION', 23, 7, 3),
        (189, 2100706722, 'TUMU''INE ELSON', 1, 1, 8),
        (190, 2100701631, 'TENDO STACY   TI IERFSA', 13, 5, 1),
        (191, 2000701307, 'MUGANZI GRACE BIRIBAWA', 12, 5, 1),
        (192, 2100716753, 'NAKIIAZIJOSEPTIINEMUTEBI', 9, 4, 2),
        (193, 2100704037, 'OIIELLO PATRICK', 9, 4, 8),
        (194, 2000700807, 'SEMPIIGA  ENOC K', 15, 6, 4),
        (195, 2100701568, 'JABIM PHILLIAM', 16, 6, 7),
        (196, 2100717346, 'ACHAN  MONICA', 16, 6, 2),
        (197, 2100715722, 'NDAULA  DARLINGTON', 16, 6, 5),
        (198, 2000700260, 'LUSIBA CAUDJNO', 2, 1, 9),
        (199, 2000709301, 'MUJAWIMANA  BRENDA', 2, 1, 1),
        (200, 2000722766, 'TURYAHEB4A  VICENT', 2, 1, 6),
        (201, 2100709634, 'AINOMUGISHA  LINUS', 3, 1, 5),
        (202, 2000700500, 'ATUIIAIRESWITHEN', 3, 1, 5),
        (203, 2000714998, 'BATENGA  MARTIIA', 3, 1, 3),
        (204, 2000700403, 'GATHONI  GLOITIA  EEIZABETH', 3, 1, 3),
        (205, 2100708570, 'NAFUA JOAN', 3, 1, 3),
        (206, 2000700497, 'NANSIIMBI  CECILIA', 3, 1, 1),
        (207, 2000715008, 'OCHWO RAPIJAEL LUCKY', 3, 1, 6),
        (208, 2100701364, 'MONDAY CHRISTOPHER', 13, 5, 8),
        (209, 2000700547, 'ANYIRATACA  HAMFREY  BILL', 12, 5, 9),
        (210, 2000700118, 'NANSUBUGA  MARGARET  TENDO', 12, 5, 3),
        (211, 2000700544, 'SSENABULYA  DAVID', 12, 5, 6),
        (212, 2100719077, 'DLNJS IIATUMBA', 9, 4, 5),
        (213, 2100717462, 'KAYIZA NIMROD SlJAMAtI', 9, 4, 9),
        (214, 2100716315, 'NUWE\\VENIAGRACE', 9, 4, 2),
        (215, 2000717389, 'WAMILfBI  MUSA', 9, 4, 5),
        (216, 2000700730, 'ASASIRA  NCAHEBWA', 18, 6, 5),
        (217, 1900719541, 'BALIR\\VA  WHJTNEY', 18, 6, 2),
        (218, 2000703050, 'KAUKO RONALD  BUYINZA', 18, 6, 8),
        (219, 2000715622, 'NA1.UYANGE  CAROLItiE', 18, 6, 3),
        (220, 2000703064, 'WAAKf3 FRANCIS', 18, 6, 9),
        (221, 1900700328, 'AGABA  BOB CHRISTIAN', 15, 6, 8),
        (222, 2100703858, 'ASIIMWE TUMWTNE JIMMY', 15, 6, 9),
        (223, 2000700789, 'IIAGERA  PETER', 15, 6, 4),
        (224, 1900720400, 'MAYAN.IA CAROLINE  HOPE', 15, 6, 1),
        (225, 2000708014, 'NAMONO INGRID AIDAH', 16, 6, 1),
        (226, 2100708202, 'SSEBANDEKE IVAN', 16, 6, 4),
        (227, 2100713187, 'TUMUSIIME  VELDRINE  BENARD', 16, 6, 5),
        (228, 2100717238, 'MULEME MMT riirW', 21, 7, 8),
        (229, 2100717667, 'MUGANZI  PRECIOUS  BUKIRWA', 23, 7, 1),
        (230, 2100715113, 'AKAMPA  AGREY', 5, 2, 4),
        (231, 2100708707, 'HIZZA  JOHN BAPTIST', 5, 2, 6),
        (232, 2100703917, 'IIOMUGISHA  RECHEAL', 5, 2, 3),
        (233, 2100718680, 'MULIND\\VA  JAMES VICTOR', 5, 2, 8),
        (234, 2100709391, 'NOWE  KEVIN MUHEREZA', 1, 1, 6),
        (235, 2100712081, 'TAHINDUKASAMUEL', 2, 1, 7),
        (236, 2100722266, '\\\\''ASSWA  ALLAN', 2, 1, 9),
        (237, 2000700408, 'NAKYANZIDOREEN  NOELTNE', 3, 1, 3),
        (238, 2100700669, 'RUG\\V ISA JOSHUA  RV''ABINUMI', 3, 1, 4),
        (239, 2000700580, 'AIOL DAPHNE', 13, 5, 2),
        (240, 2000700577, 'RUGAMB WA MAFA', 13, 5, 9),
        (241, 2100700630, 'KWIZEERA  EVILS ON', 9, 4, 7),
        (242, 2100715895, 'M\\VAItA EDMOND GLEN', 9, 4, 7),
        (243, 2100704020, 'NINS Hh4A  ANNAIJ', 9, 4, 1),
        (244, 2000700752, 'NAMYALO  IMMACULATE', 18, 6, 1),
        (245, 2000700818, 'HATEtt EGGA  EUGEN', 15, 6, 4),
        (246, 2100718926, 'NAIIALANZIMELODY', 23, 7, 1),
        (247, 2000705816, 'BUSHANDA  GOD WH', 5, 2, 5),
        (248, 2100706042, 'KUBA KURUN GYI DAPIIINE', 5, 2, 2),
        (249, 2100710067, 'BONGOLE  MARVIN', 7, 3, 11),
        (250, 2100718892, 'ETENGU EMMANU   L', 25, 8, 9),
        (251, 2100711127, 'NAEUBAALE  PAULINE', 25, 8, 1),
        (252, 2100704075, '\\VANDERA KELVIN', 25, 8, 9),
        (253, 2100706712, 'AIJUIIAELY', 27, 9, 7),
        (254, 1900700075, 'AIiANDWANAHO  ADISON', 28, 9, 5),
        (255, 2000701676, 'LUB,ANGAKENE  BRIAN', 28, 9, 5),
        (256, 2100701357, 'TUSIIMESHARON', 28, 9, 2),
        (257, 2100704159, 'INSUZE MU GAYA MAIJAD', 29, 10, 4),
        (258, 2100719497, 'PTtAISE  ALOIIIIN OPOLOJE', 29, 10, 2),
        (259, 2000707231, 'KYOMUKAMA  RUTH TR.''\\CY', 13, 5, 2),
        (260, 1900729246, 'AYEBAZIBWE  FRANCINE', 15, 6, 2),
        (261, 1900721790, 'ODONGO JOSE PU', 15, 6, 10),
        (262, 2100720971, 'ICAMUGISHA  NISSI', 5, 2, 11),
        (263, 2000706584, 'AYAMBASEANPRINCE', 13, 5, 4),
        (264, 2100714534, 'SSERWANO  NAMU3ENGA  EMMA', 9, 4, 4),
        (265, 1900700293, 'MIIRO FRANII', 15, 6, 4),
        (266, 1900700070, 'h4UNGOMA  TITUS', 28, 9, 4),
        (267, 2000700581, 'AHEREZA  RACHEAL', 13, 5, 3),
        (268, 2000700728, 'AGABA  DOREEN', 18, 6, 3),
        (269, 2000709800, 'AMPUMUZAMELIS SA FAITH', 21, 7, 3),
        (270, 1900700269, 'SSEBAND EKE AEA GAN', 15, 6, 8),
        (271, 2100718314, 'ZIRIMENYA  TOM', 23, 7, 8),
        (272, 2100701354, 'ASIO  PRIS AIDAH', 15, 6, 8),
        (273, 1900700808, 'NAICITTO MARTHA SSEKITTO', 15, 6, 6),
        (274, 2100701425, 'AHI MBISIBM E ISAAC', 13, 5, 7),
        (275, 2100700456, 'B\\VIRE IN ENNEDY', 12, 5, 7),
        (276, 2000700586, 'fiAGAI. DAPHINE', 13, 5, 7),
        (277, 2100701356, '!\\4U HOOZI VALENTTN', 18, 6, 9),
        (278, 2100709224, 'SAAZI KAKOOZA  RICHARD', 25, 8, 9),
        (279, 2100704250, 'AKANYIJUKA  ABIOLAtI', 17, 6, 9),
        (280, 2100711810, 'MUTUMBA  ROBERT', 7, 3, 2),
        (281, 2000700337, 'SSfiRUNJ OGI RONALD', 18, 6, 10),
        (282, 2100709746, 'KIBERU  M ADRIAN FRANCIS', 15, 6, 4),
        (283, 2100719327, 'SHAKUL K AG ODA  MUSA', 29, 10, 4),
        (284, 2100717342, 'KAMUSIIME MOMCA', 4, 2, 3),
        (285, 2000700116, 'AINEMBAB AZI ANGELA A', 12, 5, 8),
        (286, 1900700795, 'MURUlJtJRA  I.AUBEN', 15, 6, 6),
        (287, 2000700344, '\\VAMUWAYA  NICIJOLA S', 18, 6, 4),
        (288, 2100706780, 'WETAKA EMMANUEL', 1, 1, 5),
        (289, 2000700840, 'M WESIGYE IVAN', 15, 6, 7),
        (290, 2000700865, 'MUSASIZI ALLAN', 15, 6, 7),
        (291, 2000700852, 'ADIR\\1 DAISY', 15, 6, 9),
        (292, 2000701678, 'NGABWA  RINAH', 28, 9, 1),
        (293, 2000721297, 'NAIiYONDWA  JOSEPHINE', 29, 10, 2),
        (294, 1900700823, '!\\4UBIRU SAMUEL  iD MVA RD', 15, 6, 10),
        (295, 2000712122, 'BUNKEDDEKO  lfUSSEIN', 17, 6, 4),
        (296, 1900700787, 'SSENKUNGU  TENDO ROBERT', 15, 6, 8),
        (297, 1900719310, 'SENI4USU  VICENT', 15, 6, 8),
        (298, 2000701690, 'WACAMALA  D ANIF.I', 28, 9, 9),
        (299, 2000701292, 'KI\\VALABYE  IVAN WILI.I AMS', 12, 5, 1),
        (300, 2100700887, 'ABESIG \\YA  LORENCE', 15, 6, 1),
        (301, 2100723482, 'NAMUTEB1 FLORENCE', 15, 6, 2),
        (302, 2100700823, 'OTIMDAN', 15, 6, 10),
        (303, 2100700661, 'LUBWAMA  JOEL', 15, 6, 4),
        (304, 2100700562, 'OItOROBE  RASCAL MATIIEW', 4, 2, 4),
        (305, 2000700793, 'WAZIWU MORDECAJ', 1, 1, 8),
        (306, 1900708373, 'Kibalama Timothy', 7, 3, 5);

insert into voting.students (student_no, name, school, college, hall)
values  (1900708810, 'MURUNGI WALTER ', 12, 5, 4),
        (1900729244, 'KALEMBA IAN KENNEDY ', 12, 5, 4),
        (1900708775, 'Namugwanya Mary Patience ', 12, 5, 1),
        (1900708856, 'Nabuzale Doreen Nandutu', 12, 5, 3),
        (1900708819, 'Linus Tayebwa', 12, 5, 4),
        (1900700526, 'DODWA FARUKU', 12, 5, 5),
        (1900708988, 'Ambrose ONAPA ', 12, 5, 9),
        (1900708262, 'Nsekanabo Shafic ', 12, 5, 8),
        (1900700078, 'Musoke Simon Deo ', 12, 5, 6),
        (1900708851, 'NAMUKWAYA THANAWI ', 12, 5, 3),
        (1400710052, 'Paul Musinguzi ', 12, 5, 5),
        (1900708883, 'Nabukenya Grace ', 12, 5, 2),
        (1900708916, 'SENKAALI DENNIS ', 12, 5, 8),
        (1900700542, 'Komuhimbo Lilian ', 12, 5, 1),
        (1800740427, 'Henry Bidali ', 12, 5, 7),
        (1900708185, 'MWESIGE FRANCIS ', 12, 5, 6),
        (1800700112, 'Tusiime Ian Asiimwe', 12, 5, 8),
        (1900708669, 'KALYANGO JULIUS ', 12, 5, 5),
        (1900708330, 'Kasozi micheal', 12, 5, 9),
        (1900700523, 'Mutegeki Rodgers', 12, 5, 7),
        (1800740425, 'TIPE BRIAN OKENY ', 12, 5, 4),
        (1900700082, 'NABAGIRINYA JORDANA CHANTAL ', 12, 5, 1),
        (1800740426, 'Aradi Alamin Abdallah', 12, 5, 5),
        (1900700527, 'Ahimbisibwe Johnharvey ', 12, 5, 4),
        (1800723546, 'WALUBI TREVOUR ', 12, 5, 8),
        (1900708579, 'Mutebi Ronald ', 12, 5, 5),
        (1900708800, 'Biso Godfrey', 12, 5, 7),
        (1900708264, 'Nakiwala Leticia ', 12, 5, 2),
        (1900708727, 'Karioki Hafithar ', 12, 5, 5),
        (1800700126, 'SERUNKUMA MARVIN ', 12, 5, 6),
        (1900708528, 'Opolot Henry Emmanuel ', 12, 5, 5),
        (1700700184, 'Angela Bamuhamye ', 12, 5, 5),
        (1900709054, 'Inebe Millycent ', 12, 5, 2),
        (1900700528, 'Mpawulo Steven ', 12, 5, 4),
        (1900700522, 'TURYAHABWA PAUL ', 12, 5, 5),
        (1900708928, 'Namulira ', 12, 5, 2),
        (1900708308, 'NABUKENYA JOAN MARGRET', 12, 5, 2),
        (1900708799, 'EGWEL MICHAEL JUNIOR ', 12, 5, 4),
        (1900700083, 'Atuhaire Winfred ', 12, 5, 2),
        (1900700517, 'Ssemmambo Ibrahim Kirabo', 12, 5, 4),
        (1900708683, 'Buliteeka Leticia ', 12, 5, 2),
        (1800700113, 'Mutumba Broline', 12, 5, 4),
        (1900700524, 'Masete Ishak Moit', 12, 5, 5),
        (1900700525, 'Lukyamuzi Denis ', 12, 5, 5),
        (1900718382, 'mubangizi davis', 12, 5, 4),
        (1900700671, 'Tumuhaise Christopher ', 12, 5, 7),
        (1800726865, 'Ochora Edward', 12, 5, 4),
        (1900718756, 'Wakabi Anselm Teega Mark', 12, 5, 9),
        (1900700673, 'Omara solomon', 12, 5, 9),
        (1900700701, 'Namubiru Hagar', 12, 5, 2),
        (1900700491, 'Nambi swaburah', 12, 5, 2),
        (1900718585, 'NDUGWA DAVIS ', 12, 5, 9),
        (1900700693, 'Kato Enoch ', 12, 5, 5),
        (1900718410, 'Mukwaya Willard Jonathan ', 12, 5, 9),
        (1900718459, 'NABIRYE SHARIFAH ', 12, 5, 2),
        (1900700675, 'Mukashaba Godwin ', 12, 5, 9),
        (1900718205, 'EMODIAI WINTER IMUSALABA ', 12, 5, 9),
        (1900729834, 'KAYIZZI ABDUL ', 12, 5, 5),
        (1900721090, 'OJEDE BENJAMIN MODIKAYO ', 12, 5, 4),
        (1900718528, 'NAMBI RONELLA FAITH ', 12, 5, 2),
        (1900722168, 'Elizabeth Kwezi ', 12, 5, 2),
        (1900718530, 'Nambogga Catherine ', 12, 5, 2),
        (1900700700, 'Mawejje David', 12, 5, 7),
        (1900700690, 'Nasasira Denis ', 12, 5, 5),
        (1900728903, 'CADRIBO PRAISE ', 12, 5, 4),
        (1900718660, 'OWEMBABAZI TIMOTHY ', 12, 5, 5),
        (1900700676, 'Mugume Elvis', 12, 5, 7),
        (1900721954, 'Fatima Yakub Sharafedin ', 12, 5, 2),
        (1900700487, 'AFAYO TILLEN PETERSON', 12, 5, 7),
        (1900713501, 'TUMWINE BRADLEY. A. MPEERA ', 12, 5, 5),
        (1900729214, 'Nalubega Leticia', 12, 5, 2),
        (1900722597, 'KATEREGGA PETER ', 12, 5, 7),
        (1900722170, 'SSEKYEWA JULIUS ', 12, 5, 5),
        (1900700692, 'Luwandaga Shem Christopher ', 12, 5, 7),
        (1900700488, 'Esther Patricia Nyabel', 12, 5, 2),
        (1200702336, 'Ssemanda lsaac', 12, 5, 7),
        (1900718116, 'Amanyire Talemwa Emmanuel ', 12, 5, 6),
        (1900722163, 'AREMWAKI GODON ', 12, 5, 4),
        (1800741319, 'Oyesigye Benerd', 12, 5, 6),
        (1900721798, 'Opolot Solomon ', 12, 5, 6),
        (1900700714, 'Kisirinya Bonny ', 12, 5, 5),
        (1800736144, 'AYEBALE WYCLIF', 12, 5, 4),
        (1900718442, 'Mwanja Charles ', 12, 5, 6),
        (1900729239, 'OMODING DANIEL', 12, 5, 5),
        (1900718348, 'MAJWEA ISAAC ', 12, 5, 6),
        (1900718495, 'Nakisa Brian Keneddy', 12, 5, 7),
        (1900722169, 'Ssempijja John', 12, 5, 4),
        (1700700697, 'Mwondha Aaron', 12, 5, 6),
        (1800700511, 'Nakasoma Helen ', 12, 5, 2),
        (1900700492, 'Nabendene  Flavia', 12, 5, 6),
        (1900720828, 'Djalaladine Ahmed', 12, 5, 5),
        (1900718646, 'Omunyokol Elijah ', 12, 5, 5),
        (1800722542, 'KIWEEWA DENIS INNOCENT ', 12, 5, 7),
        (1900718318, 'Kyambadde Benjamin ', 12, 5, 9),
        (1900728329, 'GALIWANGO ISAAC', 12, 5, 5),
        (1900721104, 'Oweneema Olivia Acom', 12, 5, 2),
        (1900700477, 'Membe Keith', 12, 5, 5),
        (1900700081, 'Dali Hilton Charles ', 12, 5, 9),
        (1900700695, 'Kaddumukasa Titus Edward ', 12, 5, 7),
        (1900700686, 'Yiiki Afedra Brian ', 12, 5, 5),
        (1900728631, 'Olweny Moses', 12, 5, 9),
        (1900721890, 'MUGISHA TIMOTHY ', 12, 5, 9),
        (1900700529, 'MUWANGA ALEXANDER ', 12, 5, 4),
        (1900708305, 'Isaac Waliggo', 12, 5, 5);

insert into positions (id, name, affiliation, max)
values  (1, 'Guild President', 'university', 1),
        (2, 'CGC Chairperson', 'college', 1),
        (3, 'College Guild Council', 'college', 2),
        (4, 'GRC Schools Male', 'school', 1),
        (5, 'GRC Schools Female', 'school', 1),
        (6, 'GRC Halls Male', 'hall', 2),
        (7, 'GRC Halls Female', 'hall', 3),
        (8, 'GRC Disability Male', 'university', 2),
        (9, 'GRC Disability Female', 'university', 2),
        (10, 'Guild Tribunal', 'college', 1),
        (11, 'Games Union School', 'school', 5),
        (12, 'Students Debating Union', 'college', 2),
        (13, 'SCR Chairperson', 'hall', 1),
        (14, 'SCR Disciplinary', 'hall', 1),
        (15, 'SCR Entertainment', 'hall', 1),
        (16, 'SCR Finance Secretary', 'hall', 1),
        (17, 'SCR General Secretary', 'hall', 1),
        (18, 'SCR Health Secretary', 'hall', 1);


insert into candidates (id, student_id, position)
values  (1, 1, 1),
        (2, 2, 1),
        (3, 3, 1),
        (4, 4, 1),
        (5, 5, 1),
        (6, 6, 1),
        (7, 7, 1),
        (8, 8, 1),
        (9, 9, 1),
        (10, 10, 1),
        (11, 11, 1),
        (12, 12, 2),
        (13, 13, 2),
        (14, 14, 2),
        (15, 15, 2),
        (16, 16, 2),
        (17, 17, 2),
        (18, 18, 2),
        (19, 19, 2),
        (20, 20, 2),
        (21, 21, 2),
        (22, 22, 2),
        (23, 23, 2),
        (24, 24, 2),
        (25, 25, 2),
        (26, 26, 2),
        (27, 27, 2),
        (28, 28, 2),
        (29, 29, 2),
        (30, 30, 2),
        (31, 31, 2),
        (32, 32, 2),
        (33, 33, 2),
        (34, 34, 2),
        (35, 35, 3),
        (36, 36, 3),
        (37, 37, 3),
        (38, 38, 3),
        (39, 39, 3),
        (40, 40, 3),
        (41, 41, 3),
        (42, 42, 3),
        (43, 43, 3),
        (44, 44, 3),
        (45, 45, 3),
        (46, 46, 3),
        (47, 47, 3),
        (48, 48, 3),
        (49, 49, 3),
        (50, 50, 3),
        (51, 51, 3),
        (52, 52, 3),
        (53, 53, 3),
        (54, 54, 3),
        (55, 55, 3),
        (56, 56, 3),
        (57, 57, 3),
        (58, 58, 3),
        (59, 59, 3),
        (60, 60, 3),
        (61, 61, 3),
        (62, 62, 3),
        (63, 63, 3),
        (64, 64, 3),
        (65, 65, 3),
        (66, 66, 3),
        (67, 67, 3),
        (68, 68, 3),
        (69, 69, 2),
        (70, 70, 3),
        (71, 71, 3),
        (72, 72, 3),
        (73, 73, 3),
        (74, 74, 3),
        (75, 75, 3),
        (76, 76, 3),
        (77, 77, 3),
        (78, 78, 3),
        (79, 79, 3),
        (80, 80, 3),
        (81, 81, 3),
        (82, 82, 3),
        (83, 83, 3),
        (84, 84, 3),
        (85, 85, 3),
        (86, 86, 4),
        (87, 87, 4),
        (88, 88, 5),
        (89, 89, 4),
        (90, 90, 5),
        (91, 91, 5),
        (92, 92, 4),
        (93, 93, 5),
        (94, 94, 4),
        (95, 95, 4),
        (96, 96, 4),
        (97, 97, 4),
        (98, 98, 5),
        (99, 99, 4),
        (100, 100, 5),
        (101, 101, 5),
        (102, 102, 5),
        (103, 103, 4),
        (104, 104, 5),
        (105, 105, 4),
        (106, 106, 5),
        (107, 107, 5),
        (108, 108, 4),
        (109, 109, 4),
        (110, 110, 4),
        (111, 111, 5),
        (112, 112, 5),
        (113, 113, 4),
        (114, 114, 4),
        (115, 115, 5),
        (116, 116, 5),
        (117, 117, 4),
        (118, 118, 4),
        (119, 119, 5),
        (120, 120, 5),
        (121, 121, 5),
        (122, 122, 5),
        (123, 123, 4),
        (124, 124, 5),
        (125, 125, 4),
        (126, 126, 4),
        (127, 127, 5),
        (128, 128, 5),
        (129, 129, 5),
        (130, 130, 5),
        (131, 131, 4),
        (132, 132, 5),
        (133, 133, 4),
        (134, 134, 4),
        (135, 135, 5),
        (136, 136, 4),
        (137, 137, 5),
        (138, 138, 4),
        (139, 139, 5),
        (140, 140, 5),
        (141, 141, 4),
        (142, 142, 4),
        (143, 143, 4),
        (144, 144, 5),
        (145, 145, 5),
        (146, 146, 5),
        (147, 147, 5),
        (148, 148, 5),
        (149, 149, 4),
        (150, 150, 5),
        (151, 151, 5),
        (152, 152, 5),
        (153, 153, 4),
        (154, 154, 4),
        (155, 155, 4),
        (156, 156, 5),
        (157, 157, 5),
        (158, 158, 4),
        (159, 159, 4),
        (160, 160, 4),
        (161, 161, 6),
        (162, 162, 6),
        (163, 163, 6),
        (164, 164, 6),
        (165, 165, 6),
        (166, 166, 6),
        (167, 167, 7),
        (168, 168, 7),
        (169, 169, 7),
        (170, 170, 7),
        (171, 171, 7),
        (172, 172, 6),
        (173, 173, 6),
        (174, 174, 6),
        (175, 175, 6),
        (176, 176, 6),
        (177, 177, 6),
        (178, 178, 6),
        (179, 179, 6),
        (180, 180, 6),
        (181, 181, 6),
        (182, 182, 6),
        (183, 183, 6),
        (184, 184, 6),
        (185, 185, 8),
        (186, 186, 8),
        (187, 187, 9),
        (188, 188, 9),
        (189, 189, 10),
        (190, 190, 10),
        (191, 191, 10),
        (192, 192, 10),
        (193, 193, 10),
        (194, 194, 10),
        (195, 195, 10),
        (196, 196, 10),
        (197, 197, 10),
        (198, 198, 11),
        (199, 199, 11),
        (200, 200, 11),
        (201, 201, 11),
        (202, 202, 11),
        (203, 203, 11),
        (204, 204, 11),
        (205, 205, 11),
        (206, 206, 11),
        (207, 207, 11),
        (208, 208, 11),
        (209, 209, 11),
        (210, 210, 11),
        (211, 211, 11),
        (212, 212, 11),
        (213, 213, 11),
        (214, 214, 11),
        (215, 215, 11),
        (216, 216, 11),
        (217, 217, 11),
        (218, 218, 11),
        (219, 219, 11),
        (220, 220, 11),
        (221, 221, 11),
        (222, 222, 11),
        (223, 223, 11),
        (224, 224, 11),
        (225, 225, 11),
        (226, 226, 11),
        (227, 227, 11),
        (228, 228, 11),
        (229, 229, 11),
        (230, 230, 11),
        (231, 231, 11),
        (232, 232, 11),
        (233, 233, 11),
        (234, 234, 11),
        (235, 235, 12),
        (236, 236, 12),
        (237, 237, 12),
        (238, 238, 12),
        (239, 239, 12),
        (240, 240, 12),
        (241, 241, 12),
        (242, 242, 12),
        (243, 243, 12),
        (244, 244, 12),
        (245, 245, 12),
        (246, 246, 12),
        (247, 247, 12),
        (248, 248, 12),
        (249, 249, 12),
        (250, 250, 12),
        (251, 251, 12),
        (252, 252, 12),
        (253, 253, 12),
        (254, 254, 12),
        (255, 255, 12),
        (256, 256, 12),
        (257, 257, 12),
        (258, 258, 12),
        (259, 259, 13),
        (260, 260, 13),
        (261, 261, 13),
        (262, 262, 13),
        (263, 263, 13),
        (264, 264, 13),
        (265, 265, 13),
        (266, 266, 13),
        (267, 267, 13),
        (268, 268, 13),
        (269, 269, 13),
        (270, 270, 13),
        (271, 271, 13),
        (272, 272, 14),
        (273, 273, 14),
        (274, 274, 14),
        (275, 275, 14),
        (276, 276, 14),
        (277, 277, 14),
        (278, 278, 14),
        (279, 279, 15),
        (280, 280, 15),
        (281, 281, 15),
        (282, 282, 15),
        (283, 283, 15),
        (284, 284, 16),
        (285, 285, 16),
        (286, 286, 16),
        (287, 287, 16),
        (288, 288, 16),
        (289, 289, 16),
        (290, 290, 16),
        (291, 291, 17),
        (292, 292, 17),
        (293, 293, 17),
        (294, 294, 17),
        (295, 295, 17),
        (296, 296, 17),
        (297, 297, 17),
        (298, 298, 17),
        (299, 299, 17),
        (300, 300, 18),
        (301, 301, 18),
        (302, 302, 18),
        (303, 303, 18),
        (304, 304, 18),
        (305, 305, 18);
